days,stdev
,834.804708772666
1,1652.15403024473
2,41614.6035505259
3,989.469568223058
4,3445.95358983996
5,1760.59531537471
6,1231.59870454305
