days,stdev
,2133.55013981196
1,1637.64979471207
2,1722.06772264778
3,2131.58410428651
4,18129.6643395305
5,2025.08894167137
6,2494.43825784929
